<?xml version="1.0" encoding="UTF-8"?>
<jcr:root xmlns:sling="http://sling.apache.org/jcr/sling/1.0" xmlns:cq="http://www.day.com/jcr/cq/1.0" xmlns:jcr="http://www.jcp.org/jcr/1.0" xmlns:nt="http://www.jcp.org/jcr/nt/1.0"
    jcr:primaryType="nt:unstructured"
    jcr:title="Properties"
    sling:resourceType="cq/gui/components/authoring/dialog">
    <content
        jcr:primaryType="nt:unstructured"
        sling:resourceType="granite/ui/components/coral/foundation/fixedcolumns">
        <items jcr:primaryType="nt:unstructured">
            <column
                jcr:primaryType="nt:unstructured"
                sling:resourceType="granite/ui/components/coral/foundation/container">
                <items jcr:primaryType="nt:unstructured">
                    <videos
                        jcr:primaryType="nt:unstructured"
                        sling:resourceType="granite/ui/components/coral/foundation/form/multifield"
                        composite="{Boolean}true"
                        eaem-show-on-collapse="EAEM.showProductName"
                        fieldLabel="Featured Articles">
                        <field
                            jcr:primaryType="nt:unstructured"
                            sling:resourceType="granite/ui/components/coral/foundation/container"
                            name="./videos">
                            <items jcr:primaryType="nt:unstructured">
                                <column
                                    jcr:primaryType="nt:unstructured"
                                    sling:resourceType="granite/ui/components/coral/foundation/container">
                                    <items jcr:primaryType="nt:unstructured">
                                        <articleheadline
                                            jcr:primaryType="nt:unstructured"
                                            sling:resourceType="granite/ui/components/coral/foundation/form/textfield"
                                            fieldDescription="Article Headline"
                                            fieldLabel="Article Headline"
                                            name="./articleheadline"/>
                                        <articledescription
                                            jcr:primaryType="nt:unstructured"
                                            sling:resourceType="granite/ui/components/coral/foundation/form/textarea"
                                            fieldDescription="Do not exceed 215 characrters"
                                            fieldLabel="Article Description"
                                            name="./articledescription"/>
                                        <articlelink
                                            jcr:primaryType="nt:unstructured"
                                            sling:resourceType="granite/ui/components/coral/foundation/form/textfield"
                                            fieldDescription="Article Url - include http or https for example: http:www.yahoo.com"
                                            fieldLabel="Article Url"
                                            name="./articlelink"/>
                                        <articleimage
                                            jcr:primaryType="nt:unstructured"
                                            sling:resourceType="granite/ui/components/coral/foundation/form/pathbrowser"
                                            fieldDescription="Article Image"
                                            fieldLabel="Article Image"
                                            name="./articleimage"/>
                                        <learnmore
                                            jcr:primaryType="nt:unstructured"
                                            sling:resourceType="granite/ui/components/coral/foundation/form/textfield"
                                            fieldDescription="Learn More"
                                            fieldLabel="Learn More"
                                            name="./learnmore"/>
                                    </items>
                                </column>
                            </items>
                        </field>
                    </videos>
                </items>
            </column>
        </items>
    </content>
</jcr:root>
