<?xml version="1.0" encoding="UTF-8"?>
<jcr:root xmlns:sling="http://sling.apache.org/jcr/sling/1.0" xmlns:granite="http://www.adobe.com/jcr/granite/1.0" xmlns:cq="http://www.day.com/jcr/cq/1.0" xmlns:jcr="http://www.jcp.org/jcr/1.0" xmlns:nt="http://www.jcp.org/jcr/nt/1.0"
    jcr:primaryType="nt:unstructured"
    sling:resourceType="cq/gui/components/authoring/dialog">
    <content
        granite:class="cq-dialog-content-page"
        jcr:primaryType="nt:unstructured"
        sling:resourceType="granite/ui/components/coral/foundation/container">
        <items jcr:primaryType="nt:unstructured">
            <tabs
                granite:class="cq-siteadmin-admin-properties-tabs"
                jcr:primaryType="nt:unstructured"
                sling:resourceType="granite/ui/components/coral/foundation/tabs"
                size="L">
                <items jcr:primaryType="nt:unstructured">
                    <DemoProps
                        cq:showOnCreate="{Boolean}false"
                        jcr:primaryType="nt:unstructured"
                        jcr:title="Custom Demo Properties"
                        sling:orderBefore="basic"
                        sling:resourceType="granite/ui/components/coral/foundation/fixedcolumns">
                        <items jcr:primaryType="nt:unstructured">
                            <column
                                jcr:primaryType="nt:unstructured"
                                sling:resourceType="granite/ui/components/coral/foundation/container">
                                <items jcr:primaryType="nt:unstructured">
                                    <username
                                        jcr:primaryType="nt:unstructured"
                                        sling:resourceType="granite/ui/components/coral/foundation/form/textfield"
                                        fieldDescription="Name of user who is used on demo site (for example Bob Johnson)"
                                        fieldLabel="User Name"
                                        name="./username"/>
                                    <contract
                                        jcr:primaryType="nt:unstructured"
                                        sling:resourceType="granite/ui/components/coral/foundation/form/textfield"
                                        fieldDescription="Contract symbol (for example AB132232, used on Contracts and Dashboard pages)"
                                        fieldLabel="Contract"
                                        name="./contract"/>
                                    <remaining
                                        jcr:primaryType="nt:unstructured"
                                        sling:resourceType="granite/ui/components/coral/foundation/form/textfield"
                                        fieldDescription="Remaining in contract  (for example 12,000, used on Contracts and Dashboard pages for first shown contract)"
                                        fieldLabel="Remaining "
                                        name="./remaining"/>
                                    <contractname
                                        jcr:primaryType="nt:unstructured"
                                        sling:resourceType="granite/ui/components/coral/foundation/form/textfield"
                                        fieldDescription="Contract Name (for example Wheat, usedd on Contracts and Dashboard pages)"
                                        fieldLabel="Contract Name"
                                        name="./contractname"/>
                                </items>
                            </column>
                        </items>
                    </DemoProps>
                </items>
            </tabs>
        </items>
    </content>
</jcr:root>
