<?xml version="1.0" encoding="UTF-8"?>
<jcr:root xmlns:sling="http://sling.apache.org/jcr/sling/1.0" xmlns:cq="http://www.day.com/jcr/cq/1.0" xmlns:jcr="http://www.jcp.org/jcr/1.0" xmlns:nt="http://www.jcp.org/jcr/nt/1.0"
    jcr:primaryType="nt:unstructured"
    jcr:title="Heading Component"
    sling:resourceType="cq/gui/components/authoring/dialog"
    helpPath="en/cq/current/wcm/default_components.html#Text">
    <content
        jcr:primaryType="nt:unstructured"
        sling:resourceType="granite/ui/components/foundation/container">
        <layout
            jcr:primaryType="nt:unstructured"
            sling:resourceType="granite/ui/components/foundation/layouts/fixedcolumns"/>
        <items jcr:primaryType="nt:unstructured">
            <column
                jcr:primaryType="nt:unstructured"
                sling:resourceType="granite/ui/components/foundation/container">
                <items jcr:primaryType="nt:unstructured">
                    <fieldset
                        jcr:primaryType="nt:unstructured"
                        sling:resourceType="granite/ui/components/foundation/form/fieldset">
                        <layout
                            jcr:primaryType="nt:unstructured"
                            sling:resourceType="granite/ui/components/foundation/layouts/fixedcolumns"/>
                        <items jcr:primaryType="nt:unstructured">
                            <column
                                jcr:primaryType="nt:unstructured"
                                sling:resourceType="granite/ui/components/foundation/container">
                                <items jcr:primaryType="nt:unstructured">
                                    <ImageAlign
                                        jcr:primaryType="nt:unstructured"
                                        sling:resourceType="granite/ui/components/foundation/form/select"
                                        fieldLabel="Font Size"
                                        name="./fontsize">
                                        <items jcr:primaryType="nt:unstructured">
                                            <h1
                                                jcr:primaryType="nt:unstructured"
                                                text="HEADING 1"
                                                value="60"/>
                                            <h2
                                                jcr:primaryType="nt:unstructured"
                                                text="HEADING 2"
                                                value="40"/>
                                            <h3
                                                jcr:primaryType="nt:unstructured"
                                                text="HEADING 3"
                                                value="32"/>
                                            <h4
                                                jcr:primaryType="nt:unstructured"
                                                text="HEADING 4"
                                                value="25"/>
                                            <h5
                                                jcr:primaryType="nt:unstructured"
                                                text="HEADING 5"
                                                value="2"/>
                                        </items>
                                    </ImageAlign>
                                    <statictext
                                        jcr:primaryType="nt:unstructured"
                                        sling:resourceType="granite/ui/components/foundation/form/textfield"
                                        emptyText="place"
                                        fieldLabel="Heading Text"
                                        name="./text1"/>
                                </items>
                            </column>
                        </items>
                    </fieldset>
                </items>
            </column>
        </items>
    </content>
</jcr:root>
