<?xml version="1.0" encoding="UTF-8"?>
<jcr:root xmlns:sling="http://sling.apache.org/jcr/sling/1.0" xmlns:cq="http://www.day.com/jcr/cq/1.0" xmlns:jcr="http://www.jcp.org/jcr/1.0" xmlns:nt="http://www.jcp.org/jcr/nt/1.0"
    jcr:primaryType="nt:unstructured"
    jcr:title="Image Component"
    sling:resourceType="cq/gui/components/authoring/dialog"
    helpPath="en/cq/current/wcm/default_components.html#Text">
    <content
        jcr:primaryType="nt:unstructured"
        sling:resourceType="granite/ui/components/foundation/container">
        <layout
            jcr:primaryType="nt:unstructured"
            sling:resourceType="granite/ui/components/foundation/layouts/fixedcolumns"/>
        <items jcr:primaryType="nt:unstructured">
            <column
                jcr:primaryType="nt:unstructured"
                sling:resourceType="granite/ui/components/foundation/container">
                <items jcr:primaryType="nt:unstructured">
                    <fieldset
                        jcr:primaryType="nt:unstructured"
                        sling:resourceType="granite/ui/components/foundation/form/fieldset">
                        <layout
                            jcr:primaryType="nt:unstructured"
                            sling:resourceType="granite/ui/components/foundation/layouts/fixedcolumns"/>
                        <items jcr:primaryType="nt:unstructured">
                            <column
                                jcr:primaryType="nt:unstructured"
                                sling:resourceType="granite/ui/components/foundation/container">
                                <items jcr:primaryType="nt:unstructured">
                                    <file
                                        jcr:primaryType="nt:unstructured"
                                        sling:resourceType="granite/ui/components/foundation/form/fileupload"
                                        autoStart="{Boolean}false"
                                        class="cq-droptarget"
                                        fieldDescription="Drag and Drop Image"
                                        fieldLabel="Banner Image"
                                        fileNameParameter="./fileName"
                                        fileReferenceParameter="./fileReference"
                                        mimeTypes="[image]"
                                        multiple="{Boolean}false"
                                        name="./file"
                                        title="Upload Image Asset"
                                        uploadUrl="${suffix.path}"
                                        useHTML5="{Boolean}true"/>
                                </items>
                            </column>
                        </items>
                    </fieldset>
                </items>
            </column>
        </items>
    </content>
</jcr:root>
