<?xml version="1.0" encoding="UTF-8"?>
<jcr:root xmlns:sling="http://sling.apache.org/jcr/sling/1.0" xmlns:cq="http://www.day.com/jcr/cq/1.0" xmlns:jcr="http://www.jcp.org/jcr/1.0" xmlns:nt="http://www.jcp.org/jcr/nt/1.0"
    jcr:primaryType="nt:unstructured"
    jcr:title="Properties"
    sling:resourceType="cq/gui/components/authoring/dialog">
    <content
        jcr:primaryType="nt:unstructured"
        sling:resourceType="granite/ui/components/coral/foundation/fixedcolumns">
        <items jcr:primaryType="nt:unstructured">
            <column
                jcr:primaryType="nt:unstructured"
                sling:resourceType="granite/ui/components/coral/foundation/container">
                <items jcr:primaryType="nt:unstructured">
                    <title
                        jcr:primaryType="nt:unstructured"
                        sling:resourceType="granite/ui/components/coral/foundation/form/textfield"
                        fieldLabel="Title"
                        name="./title"/>
                    <bgcolor
                        jcr:primaryType="nt:unstructured"
                        sling:resourceType="granite/ui/components/coral/foundation/form/select"
                        fieldLabel="Background Color"
                        name="./bgcolor">
                        <items jcr:primaryType="nt:unstructured">
                            <teal
                                jcr:primaryType="nt:unstructured"
                                text="Teal"
                                value="teal"/>
                            <lightgrey
                                jcr:primaryType="nt:unstructured"
                                text="Light Grey"
                                value="lightgrey"/>
                            <darkgrey
                                jcr:primaryType="nt:unstructured"
                                text="Dark Grey"
                                value="darkgrey"/>
                        </items>
                    </bgcolor>
                </items>
            </column>
        </items>
    </content>
</jcr:root>
