<?xml version="1.0" encoding="UTF-8"?>
<jcr:root xmlns:sling="http://sling.apache.org/jcr/sling/1.0" xmlns:cq="http://www.day.com/jcr/cq/1.0" xmlns:jcr="http://www.jcp.org/jcr/1.0" xmlns:nt="http://www.jcp.org/jcr/nt/1.0"
    jcr:primaryType="nt:unstructured"
    jcr:title="Properties"
    sling:resourceType="cq/gui/components/authoring/dialog">
    <content
        jcr:primaryType="nt:unstructured"
        sling:resourceType="granite/ui/components/coral/foundation/fixedcolumns">
        <items jcr:primaryType="nt:unstructured">
            <column
                jcr:primaryType="nt:unstructured"
                sling:resourceType="granite/ui/components/coral/foundation/container">
                <items jcr:primaryType="nt:unstructured">
                    <headline
                        jcr:primaryType="nt:unstructured"
                        sling:resourceType="granite/ui/components/coral/foundation/form/textfield"
                        fieldDescription="Headline"
                        fieldLabel="Headline"
                        name="./headline"/>
                    <subheader
                        jcr:primaryType="nt:unstructured"
                        sling:resourceType="granite/ui/components/coral/foundation/form/textfield"
                        fieldDescription="Subheader"
                        fieldLabel="Subheader"
                        name="./subheader"/>
                    <subheadleft
                        jcr:primaryType="nt:unstructured"
                        sling:resourceType="granite/ui/components/coral/foundation/form/checkbox"
                        fieldLabel="Subhead left aligned?"
                        name="./subheadleft"
                        text="Subhead left aligned?"
                        value="true"/>
                    <videos
                        jcr:primaryType="nt:unstructured"
                        sling:resourceType="granite/ui/components/coral/foundation/form/multifield"
                        composite="{Boolean}true"
                        eaem-show-on-collapse="EAEM.showProductName"
                        fieldLabel="Roadmap Accordions">
                        <field
                            jcr:primaryType="nt:unstructured"
                            sling:resourceType="granite/ui/components/coral/foundation/container"
                            name="./videos">
                            <items jcr:primaryType="nt:unstructured">
                                <column
                                    jcr:primaryType="nt:unstructured"
                                    sling:resourceType="granite/ui/components/coral/foundation/container">
                                    <items jcr:primaryType="nt:unstructured">
                                        <roadmapheadline
                                            jcr:primaryType="nt:unstructured"
                                            sling:resourceType="granite/ui/components/coral/foundation/form/textfield"
                                            fieldDescription="Roadmap Headline"
                                            fieldLabel="Roadmap Headline"
                                            name="./roadmapheadline"/>
                                        <roadmapdescription
                                            jcr:primaryType="nt:unstructured"
                                            sling:resourceType="granite/ui/components/coral/foundation/form/textarea"
                                            fieldDescription="Do not exceed 275 characrters"
                                            fieldLabel="Roadmap Description"
                                            name="./roadmapdescription"/>
                                        <ctatracking
                                            jcr:primaryType="nt:unstructured"
                                            sling:resourceType="granite/ui/components/coral/foundation/form/textfield"
                                            fieldLabel="CTA Tracking Open"
                                            name="./ctatracking"/>
                                        <ctatrackingclose
                                            jcr:primaryType="nt:unstructured"
                                            sling:resourceType="granite/ui/components/coral/foundation/form/textfield"
                                            fieldLabel="CTA Tracking Close"
                                            name="./ctatrackingclose"/>
                                    </items>
                                </column>
                            </items>
                        </field>
                    </videos>
                    <color
                        jcr:primaryType="nt:unstructured"
                        sling:resourceType="granite/ui/components/coral/foundation/form/select"
                        fieldLabel="Type"
                        name="./color">
                        <items jcr:primaryType="nt:unstructured">
                            <green
                                jcr:primaryType="nt:unstructured"
                                text="Green"
                                value="green"/>
                            <red
                                jcr:primaryType="nt:unstructured"
                                text="Red"
                                value="red"/>
                            <orange
                                jcr:primaryType="nt:unstructured"
                                text="Orange"
                                value="orange"/>
                            <cyan
                                jcr:primaryType="nt:unstructured"
                                text="Cyan"
                                value="cyan"/>
                            <navy
                                jcr:primaryType="nt:unstructured"
                                text="Navy"
                                value="navy"/>
                            <turquoise
                                jcr:primaryType="nt:unstructured"
                                text="Turquoise"
                                value="turquoise"/>
                        </items>
                    </color>
                </items>
            </column>
        </items>
    </content>
</jcr:root>
