<?xml version="1.0" encoding="UTF-8"?>
<jcr:root xmlns:sling="http://sling.apache.org/jcr/sling/1.0" xmlns:cq="http://www.day.com/jcr/cq/1.0" xmlns:jcr="http://www.jcp.org/jcr/1.0" xmlns:nt="http://www.jcp.org/jcr/nt/1.0"
    jcr:primaryType="nt:unstructured"
    jcr:title="Properties"
    sling:resourceType="cq/gui/components/authoring/dialog">
    <content
        jcr:primaryType="nt:unstructured"
        sling:resourceType="granite/ui/components/coral/foundation/fixedcolumns">
        <items jcr:primaryType="nt:unstructured">
            <column
                jcr:primaryType="nt:unstructured"
                sling:resourceType="granite/ui/components/coral/foundation/container">
                <items jcr:primaryType="nt:unstructured">
                    <notificationtitle
                        jcr:primaryType="nt:unstructured"
                        sling:resourceType="granite/ui/components/coral/foundation/form/textfield"
                        fieldLabel="Notification Title"
                        name="./notificationtitle"/>
                    <seeallmessage
                        jcr:primaryType="nt:unstructured"
                        sling:resourceType="granite/ui/components/coral/foundation/form/textfield"
                        fieldLabel="See All Messages"
                        name="./seeAllMessages"/>
                    <notifications
                        jcr:primaryType="nt:unstructured"
                        sling:resourceType="granite/ui/components/foundation/form/multifield"
                        class="full-width"
                        fieldLabel="Regions">
                        <field
                            jcr:primaryType="nt:unstructured"
                            sling:resourceType="granite/ui/components/foundation/form/fieldset"
                            acs-commons-nested=""
                            name="./notifications">
                            <layout
                                jcr:primaryType="nt:unstructured"
                                sling:resourceType="granite/ui/components/foundation/layouts/fixedcolumns"
                                method="absolute"/>
                            <items jcr:primaryType="nt:unstructured">
                                <column
                                    jcr:primaryType="nt:unstructured"
                                    sling:resourceType="granite/ui/components/foundation/container">
                                    <items jcr:primaryType="nt:unstructured">
                                        <notificationmsg
                                            jcr:primaryType="nt:unstructured"
                                            sling:resourceType="granite/ui/components/coral/foundation/form/textfield"
                                            fieldLabel="Notification"
                                            name="./name"/>
                                        <receivedonmsg
                                            jcr:primaryType="nt:unstructured"
                                            sling:resourceType="granite/ui/components/coral/foundation/form/textfield"
                                            fieldLabel="Received On Message"
                                            name="./receivedOnMsg"/>
                                        <important
                                            jcr:primaryType="nt:unstructured"
                                            sling:resourceType="granite/ui/components/coral/foundation/form/textfield"
                                            fieldLabel="Important"
                                            name="./imp"/>
                                    </items>
                                </column>
                            </items>
                        </field>
                    </notifications>
                </items>
            </column>
        </items>
    </content>
</jcr:root>
