<?xml version="1.0" encoding="UTF-8"?>
<jcr:root xmlns:sling="http://sling.apache.org/jcr/sling/1.0" xmlns:cq="http://www.day.com/jcr/cq/1.0" xmlns:jcr="http://www.jcp.org/jcr/1.0" xmlns:nt="http://www.jcp.org/jcr/nt/1.0"
    jcr:primaryType="nt:unstructured"
    jcr:title="Column Control"
    sling:resourceType="cq/gui/components/authoring/dialog">
    <content
        jcr:primaryType="nt:unstructured"
        sling:resourceType="granite/ui/components/coral/foundation/container">
        <items jcr:primaryType="nt:unstructured">
            <tabs
                jcr:primaryType="nt:unstructured"
                sling:resourceType="granite/ui/components/coral/foundation/tabs"
                maximized="{Boolean}true">
                <items jcr:primaryType="nt:unstructured">
                    <properties
                        jcr:primaryType="nt:unstructured"
                        jcr:title="Column Control"
                        sling:resourceType="granite/ui/components/coral/foundation/container"
                        margin="{Boolean}true">
                        <items jcr:primaryType="nt:unstructured">
                            <columns
                                jcr:primaryType="nt:unstructured"
                                sling:resourceType="granite/ui/components/coral/foundation/fixedcolumns"
                                margin="{Boolean}true">
                                <items jcr:primaryType="nt:unstructured">
                                    <column
                                        jcr:primaryType="nt:unstructured"
                                        sling:resourceType="granite/ui/components/coral/foundation/container">
                                        <items jcr:primaryType="nt:unstructured">
                                            <columncontrol
                                                jcr:primaryType="nt:unstructured"
                                                sling:resourceType="granite/ui/components/coral/foundation/form/multifield"
                                                composite="{Boolean}true"
                                                fieldLabel="Columns">
                                                <field
                                                    jcr:primaryType="nt:unstructured"
                                                    sling:resourceType="granite/ui/components/coral/foundation/container"
                                                    name="./columncontrol">
                                                    <items jcr:primaryType="nt:unstructured">
                                                        <column
                                                            jcr:primaryType="nt:unstructured"
                                                            sling:resourceType="granite/ui/components/coral/foundation/container">
                                                            <items jcr:primaryType="nt:unstructured">
                                                                <columnwidth
                                                                    jcr:primaryType="nt:unstructured"
                                                                    sling:resourceType="granite/ui/components/foundation/form/select"
                                                                    fieldLabel="Column Width %"
                                                                    name="./columnwidth">
                                                                    <items jcr:primaryType="nt:unstructured">
                                                                        <_x0035_0
                                                                            jcr:primaryType="nt:unstructured"
                                                                            text="50%"
                                                                            value="col-md-6"/>
                                                                        <_x0033_3
                                                                            jcr:primaryType="nt:unstructured"
                                                                            selected="true"
                                                                            text="33%"
                                                                            value="col-md-4 col-12"/>
                                                                        <_x0032_5
                                                                            jcr:primaryType="nt:unstructured"
                                                                            text="25%"
                                                                            value="col-md-3 col-6"/>
                                                                    </items>
                                                                </columnwidth>
                                                                <topPadding
                                                                    jcr:primaryType="nt:unstructured"
                                                                    sling:resourceType="granite/ui/components/foundation/form/numberfield"
                                                                    fieldLabel="Top padding"
                                                                    min="0"
                                                                    name="./topPadding"/>
                                                                <rightPadding
                                                                    jcr:primaryType="nt:unstructured"
                                                                    sling:resourceType="granite/ui/components/foundation/form/numberfield"
                                                                    fieldLabel="Right Padding"
                                                                    min="0"
                                                                    name="./rightPadding"/>
                                                                <bottomPadding
                                                                    jcr:primaryType="nt:unstructured"
                                                                    sling:resourceType="granite/ui/components/foundation/form/numberfield"
                                                                    fieldLabel="Bottom Padding"
                                                                    min="0"
                                                                    name="./bottomPadding"/>
                                                                <leftPadding
                                                                    jcr:primaryType="nt:unstructured"
                                                                    sling:resourceType="granite/ui/components/foundation/form/numberfield"
                                                                    fieldLabel="Left Padding"
                                                                    min="0"
                                                                    name="./leftPadding"/>
                                                            </items>
                                                        </column>
                                                    </items>
                                                </field>
                                            </columncontrol>
                                            <bottommargin
                                                jcr:primaryType="nt:unstructured"
                                                sling:resourceType="granite/ui/components/foundation/form/numberfield"
                                                defaultValue="0"
                                                fieldLabel="Buttom Margin"
                                                min="0"
                                                name="./bottommargin"
                                                step="1"/>
                                        </items>
                                    </column>
                                </items>
                            </columns>
                        </items>
                    </properties>
                </items>
            </tabs>
        </items>
    </content>
</jcr:root>
